id,historical_source_file,historical_line,tag,source_control,desktop,mobile,keyboard,validation,wallet_disconnected,wallet_connected,account_network_change,evidence,issue,overall
C001,apps/web/app/error.tsx,22,button,"<button type=""button"" onClick={reset}>",not recorded,not recorded,not recorded,not recorded,not recorded,not recorded,not recorded,,,pending verification
C002,apps/web/app/error.tsx,25,Link,"<Link href=""/wiki/infrastructure-and-operations"" className=""ctaLink secondaryLink"">",not recorded,not recorded,not recorded,not recorded,not recorded,not recorded,not recorded,,,pending verification
C003,apps/web/app/layout.tsx,22,a,"<a className=""skipLink"" href=""#page-content"">",not recorded,not recorded,not recorded,not recorded,not recorded,not recorded,not recorded,,,pending verification
C004,apps/web/app/layout.tsx,28,Link,"<Link href=""/wiki"">",not recorded,not recorded,not recorded,not recorded,not recorded,not recorded,not recorded,,,pending verification
C005,apps/web/app/layout.tsx,28,Link,"<Link href=""/wiki/acer-ipfs-integration"">",not recorded,not recorded,not recorded,not recorded,not recorded,not recorded,not recorded,,,pending verification
C006,apps/web/app/mint/error.tsx,25,button,"<button type=""button"" onClick={reset}>",not recorded,not recorded,not recorded,not recorded,not recorded,not recorded,not recorded,,,pending verification
C007,apps/web/app/mint/error.tsx,28,Link,"<Link href=""/wiki/ipfs-upload-failure-triage"" className=""ctaLink secondaryLink"">",not recorded,not recorded,not recorded,not recorded,not recorded,not recorded,not recorded,,,pending verification
C008,apps/web/app/mint/error.tsx,31,Link,"<Link href=""/wiki/infrastructure-and-operations"" className=""ctaLink secondaryLink"">",not recorded,not recorded,not recorded,not recorded,not recorded,not recorded,not recorded,,,pending verification
C009,apps/web/app/page.tsx,4,Link,"<Link className=""ctaLink"" href=""/mint"">",not recorded,not recorded,not recorded,not recorded,not recorded,not recorded,not recorded,,,pending verification
C010,apps/web/app/page.tsx,4,Link,"<Link className=""ctaLink secondary"" href=""/discover"">",not recorded,not recorded,not recorded,not recorded,not recorded,not recorded,not recorded,,,pending verification
C011,apps/web/app/page.tsx,6,Link,"<Link href=""/profile/setup"">",not recorded,not recorded,not recorded,not recorded,not recorded,not recorded,not recorded,,,pending verification
C012,apps/web/app/profile/[name]/error.tsx,34,button,"<button type=""button"" onClick={reset}>",not recorded,not recorded,not recorded,not recorded,not recorded,not recorded,not recorded,,,pending verification
C013,apps/web/app/profile/[name]/error.tsx,37,Link,"<Link href=""/discover"" className=""ctaLink secondaryLink"">",not recorded,not recorded,not recorded,not recorded,not recorded,not recorded,not recorded,,,pending verification
C014,apps/web/app/profile/[name]/error.tsx,40,Link,"<Link href=""/wiki/infrastructure-and-operations"" className=""ctaLink secondaryLink"">",not recorded,not recorded,not recorded,not recorded,not recorded,not recorded,not recorded,,,pending verification
C015,apps/web/app/profile/page.tsx,5,Link,"<Link href=""/mint"" className=""ctaLink"">",not recorded,not recorded,not recorded,not recorded,not recorded,not recorded,not recorded,,,pending verification
C016,apps/web/app/profile/page.tsx,5,Link,"<Link href=""/profile/setup"" className=""ctaLink secondary"">",not recorded,not recorded,not recorded,not recorded,not recorded,not recorded,not recorded,,,pending verification
C017,apps/web/app/wiki/[slug]/page.tsx,22,Link,"<Link href=""/wiki"" className=""wikiBackLink"">",not recorded,not recorded,not recorded,not recorded,not recorded,not recorded,not recorded,,,pending verification
C018,apps/web/components/AsyncButton.tsx,25,button,<button type={type} onClick={onClick} disabled={disabled || loading} className={className}>,not recorded,not recorded,not recorded,not recorded,not recorded,not recorded,not recorded,,,pending verification
C019,apps/web/components/HeaderWalletButton.tsx,11,button,<button className={`headerWalletButton ${address ? 'walletConnected' : ''}`} onClick={()=>dialog.current?.showModal()} aria-label={address ? 'Open wallet account' : 'Connect wallet'}>,not recorded,not recorded,not recorded,not recorded,not recorded,not recorded,not recorded,,,pending verification
C020,apps/web/components/HeaderWalletButton.tsx,11,button,"<button className=""secondary"" aria-label=""Close wallet dialog"" onClick={()=>dialog.current?.close()}>",not recorded,not recorded,not recorded,not recorded,not recorded,not recorded,not recorded,,,pending verification
C021,apps/web/components/HeaderWalletButton.tsx,11,button,<button key={connector.uid} disabled={isPending} onClick={async()=>{setError('');try {await connectAsync({connector});dialog.current?.close();}catch{setError('Connection was not completed. Unlock your wallet and retry.');}}}>,not recorded,not recorded,not recorded,not recorded,not recorded,not recorded,not recorded,,,pending verification
C022,apps/web/components/HeaderWalletButton.tsx,11,button,<button onClick={async()=>{try{await switchChainAsync({chainId:target});}catch{setError('Network switch was not completed.');}}}>,not recorded,not recorded,not recorded,not recorded,not recorded,not recorded,not recorded,,,pending verification
C023,apps/web/components/HeaderWalletButton.tsx,11,button,"<button disabled={busy || !wallet} onClick={async()=>{if(!wallet)return;setBusy(true);try{await ensureWalletSession(address,args=>wallet.signMessage(args));setError('Signed in. You can now save changes.');}catch{setError('Sign-in was not completed.');}finally{setBusy(false);}}}>",not recorded,not recorded,not recorded,not recorded,not recorded,not recorded,not recorded,,,pending verification
C024,apps/web/components/HeaderWalletButton.tsx,11,button,"<button className=""secondary"" onClick={()=>{void fetch('/api/auth',{method:'DELETE'});disconnect();dialog.current?.close();}}>",not recorded,not recorded,not recorded,not recorded,not recorded,not recorded,not recorded,,,pending verification
C025,apps/web/components/ListingSummaryRow.tsx,67,a,"<a href={toExplorerAddress(item.nft, effectiveChainId)!} target=""_blank"" rel=""noreferrer"" className=""mono"">",not recorded,not recorded,not recorded,not recorded,not recorded,not recorded,not recorded,,,pending verification
C026,apps/web/components/ListingSummaryRow.tsx,75,a,"<a href={toExplorerAddress(item.seller, effectiveChainId)!} target=""_blank"" rel=""noreferrer"" className=""mono"">",not recorded,not recorded,not recorded,not recorded,not recorded,not recorded,not recorded,,,pending verification
C027,apps/web/components/SiteNavigation.tsx,8,Link,"<Link className=""brandLink"" href=""/"" aria-label=""NFTFactory home"">",not recorded,not recorded,not recorded,not recorded,not recorded,not recorded,not recorded,,,pending verification
C028,apps/web/components/SiteNavigation.tsx,8,Link,<Link key={url} href={url} aria-current={pathname.startsWith(url) ? 'page' : undefined}>,not recorded,not recorded,not recorded,not recorded,not recorded,not recorded,not recorded,,,pending verification
C029,apps/web/components/SiteNavigation.tsx,8,summary,<summary>,not recorded,not recorded,not recorded,not recorded,not recorded,not recorded,not recorded,,,pending verification
C030,apps/web/components/SiteNavigation.tsx,8,Link,<Link key={url} href={url}>,not recorded,not recorded,not recorded,not recorded,not recorded,not recorded,not recorded,,,pending verification
C031,apps/web/components/SiteNavigation.tsx,8,Link,"<Link href=""/wiki"">",not recorded,not recorded,not recorded,not recorded,not recorded,not recorded,not recorded,,,pending verification
C032,apps/web/components/create/CreateClient.tsx,83,input,"<input aria-label=""Artwork file"" type=""file"" accept=""image/png,image/jpeg,image/webp"" disabled={!loaded || busy || Boolean(draft.txHash)} onChange={e => { const file = e.target.files?.[0]; if (!file) return; if (file.size > LIMIT || !['image/png','image/jpeg','image/webp'].includes(file.type)) { setMessage('Choose a PNG, JPEG, or WebP smaller than 3 MiB.'); return; } edit({ file }); }} />",not recorded,not recorded,not recorded,not recorded,not recorded,not recorded,not recorded,,,pending verification
C033,apps/web/components/create/CreateClient.tsx,84,input,<input value={draft.name} maxLength={120} disabled={busy || Boolean(draft.txHash)} onChange={e => edit({ name: e.target.value })} />,not recorded,not recorded,not recorded,not recorded,not recorded,not recorded,not recorded,,,pending verification
C034,apps/web/components/create/CreateClient.tsx,84,textarea,<textarea value={draft.description} maxLength={2000} disabled={busy || Boolean(draft.txHash)} onChange={e => edit({ description: e.target.value })} />,not recorded,not recorded,not recorded,not recorded,not recorded,not recorded,not recorded,,,pending verification
C035,apps/web/components/create/CreateClient.tsx,85,button,<button disabled={busy || !loaded} onClick={() => void publish()}>,not recorded,not recorded,not recorded,not recorded,not recorded,not recorded,not recorded,,,pending verification
C036,apps/web/components/create/CreateClient.tsx,85,Link,"<Link className=""ctaLink"" href=""/profile/setup"">",not recorded,not recorded,not recorded,not recorded,not recorded,not recorded,not recorded,,,pending verification
C037,apps/web/components/create/CreateClient.tsx,85,button,"<button className=""secondary"" onClick={() => { setDraft({ name: '', description: '' }); setComplete(false); setStage(0); setMessage(''); }}>",not recorded,not recorded,not recorded,not recorded,not recorded,not recorded,not recorded,,,pending verification
C038,apps/web/components/create/CreateClient.tsx,87,button,"<button className=""secondary"" disabled={busy} onClick={() => setStage(stage - 1)}>",not recorded,not recorded,not recorded,not recorded,not recorded,not recorded,not recorded,,,pending verification
C039,apps/web/components/create/CreateClient.tsx,87,button,<button disabled={!loaded || !draft.file || (stage === 1 && !draft.name.trim())} onClick={() => setStage(stage + 1)}>,not recorded,not recorded,not recorded,not recorded,not recorded,not recorded,not recorded,,,pending verification
C040,apps/web/components/create/CreateClient.tsx,91,summary,<summary>,not recorded,not recorded,not recorded,not recorded,not recorded,not recorded,not recorded,,,pending verification
C041,apps/web/components/create/CreateClient.tsx,91,Link,"<Link href=""/mint?view=manage"">",not recorded,not recorded,not recorded,not recorded,not recorded,not recorded,not recorded,,,pending verification
C042,apps/web/components/create/CreateClient.tsx,91,Link,"<Link href=""/mint?view=mint&collection=custom"">",not recorded,not recorded,not recorded,not recorded,not recorded,not recorded,not recorded,,,pending verification
C043,apps/web/components/discover/DiscoverClient.tsx,318,button,"<button type=""button"" className={view === ""profiles"" ? ""discoverTab discoverTabActive"" : ""discoverTab""} onClick={() => setView(""profiles"")}>",not recorded,not recorded,not recorded,not recorded,not recorded,not recorded,not recorded,,,pending verification
C044,apps/web/components/discover/DiscoverClient.tsx,321,button,"<button type=""button"" className={view === ""collections"" ? ""discoverTab discoverTabActive"" : ""discoverTab""} onClick={() => setView(""collections"")}>",not recorded,not recorded,not recorded,not recorded,not recorded,not recorded,not recorded,,,pending verification
C045,apps/web/components/discover/DiscoverClient.tsx,324,button,"<button type=""button"" className={view === ""nfts"" ? ""discoverTab discoverTabActive"" : ""discoverTab""} onClick={() => setView(""nfts"")}>",not recorded,not recorded,not recorded,not recorded,not recorded,not recorded,not recorded,,,pending verification
C046,apps/web/components/discover/DiscoverClient.tsx,331,input,"<input className=""discoverFieldControl"" value={searchValue} onChange={(event) => setSearchValue(event.target.value)} placeholder={view === ""profiles"" ? ""name, slug, tagline, wallet"" : ""name, contract, token, wallet""} />",not recorded,not recorded,not recorded,not recorded,not recorded,not recorded,not recorded,,,pending verification
C047,apps/web/components/discover/DiscoverClient.tsx,342,select,"<select className=""discoverFieldControl"" value={profileSourceFilter} onChange={(event) => setProfileSourceFilter(event.target.value as ProfileSourceFilter)} >",not recorded,not recorded,not recorded,not recorded,not recorded,not recorded,not recorded,,,pending verification
C048,apps/web/components/discover/DiscoverClient.tsx,355,select,"<select className=""discoverFieldControl"" value={profileCollectionFilter} onChange={(event) => setProfileCollectionFilter(event.target.value as ProfileCollectionFilter)} >",not recorded,not recorded,not recorded,not recorded,not recorded,not recorded,not recorded,,,pending verification
C049,apps/web/components/discover/DiscoverClient.tsx,367,select,"<select className=""discoverFieldControl"" value={profileSort} onChange={(event) => setProfileSort(event.target.value as ProfileSort)}>",not recorded,not recorded,not recorded,not recorded,not recorded,not recorded,not recorded,,,pending verification
C050,apps/web/components/discover/DiscoverClient.tsx,380,select,"<select className=""discoverFieldControl"" value={collectionStandardFilter} onChange={(event) => setCollectionStandardFilter(event.target.value as StandardFilter)} >",not recorded,not recorded,not recorded,not recorded,not recorded,not recorded,not recorded,,,pending verification
C051,apps/web/components/discover/DiscoverClient.tsx,392,select,"<select className=""discoverFieldControl"" value={collectionListingFilter} onChange={(event) => setCollectionListingFilter(event.target.value as ListingFilter)} >",not recorded,not recorded,not recorded,not recorded,not recorded,not recorded,not recorded,,,pending verification
C052,apps/web/components/discover/DiscoverClient.tsx,408,select,"<select className=""discoverFieldControl"" value={nftStandardFilter} onChange={(event) => setNftStandardFilter(event.target.value as StandardFilter)} >",not recorded,not recorded,not recorded,not recorded,not recorded,not recorded,not recorded,,,pending verification
C053,apps/web/components/discover/DiscoverClient.tsx,420,select,"<select className=""discoverFieldControl"" value={nftListingFilter} onChange={(event) => setNftListingFilter(event.target.value as ListingFilter)} >",not recorded,not recorded,not recorded,not recorded,not recorded,not recorded,not recorded,,,pending verification
C054,apps/web/components/discover/DiscoverClient.tsx,432,select,"<select className=""discoverFieldControl"" value={nftMediaFilter} onChange={(event) => setNftMediaFilter(event.target.value as MediaFilter)} >",not recorded,not recorded,not recorded,not recorded,not recorded,not recorded,not recorded,,,pending verification
C055,apps/web/components/discover/DiscoverClient.tsx,470,Link,"<Link href={`/profile/${encodeURIComponent(profile.slug)}`} className=""ctaLink"">",not recorded,not recorded,not recorded,not recorded,not recorded,not recorded,not recorded,,,pending verification
C056,apps/web/components/discover/DiscoverClient.tsx,474,Link,"<Link href={`/mint?view=manage&address=${encodeURIComponent(profile.collectionAddress)}`} className=""ctaLink secondaryLink"">",not recorded,not recorded,not recorded,not recorded,not recorded,not recorded,not recorded,,,pending verification
C057,apps/web/components/discover/DiscoverClient.tsx,484,button,"<button type=""button"" onClick={loadMoreProfiles} disabled={directoryLoading}>",not recorded,not recorded,not recorded,not recorded,not recorded,not recorded,not recorded,,,pending verification
C058,apps/web/components/discover/DiscoverClient.tsx,517,Link,"<Link href={`/mint?view=view&address=${encodeURIComponent(item.contractAddress)}`} className=""ctaLink"">",not recorded,not recorded,not recorded,not recorded,not recorded,not recorded,not recorded,,,pending verification
C059,apps/web/components/discover/DiscoverClient.tsx,520,Link,"<Link href={`/mint?view=manage&address=${encodeURIComponent(item.contractAddress)}`} className=""ctaLink secondaryLink"">",not recorded,not recorded,not recorded,not recorded,not recorded,not recorded,not recorded,,,pending verification
C060,apps/web/components/discover/DiscoverClient.tsx,529,button,"<button type=""button"" onClick={loadMoreFeed} disabled={feedLoading}>",not recorded,not recorded,not recorded,not recorded,not recorded,not recorded,not recorded,,,pending verification
C061,apps/web/components/discover/DiscoverClient.tsx,564,Link,"<Link href={`/mint?view=view&address=${encodeURIComponent(item.collection.contractAddress)}`} className=""ctaLink"">",not recorded,not recorded,not recorded,not recorded,not recorded,not recorded,not recorded,,,pending verification
C062,apps/web/components/discover/DiscoverClient.tsx,568,a,"<a href={artworkSources(item.metadataUrl)[0] || item.metadataUrl} target=""_blank"" rel=""noreferrer"" className=""ctaLink secondaryLink"">",not recorded,not recorded,not recorded,not recorded,not recorded,not recorded,not recorded,,,pending verification
C063,apps/web/components/discover/DiscoverClient.tsx,578,button,"<button type=""button"" onClick={loadMoreFeed} disabled={feedLoading}>",not recorded,not recorded,not recorded,not recorded,not recorded,not recorded,not recorded,,,pending verification
C064,apps/web/components/mint/MintClient.tsx,932,a,"<a href={metadataLink} target=""_blank"" rel=""noreferrer"" className=""ctaLink secondaryLink"">",not recorded,not recorded,not recorded,not recorded,not recorded,not recorded,not recorded,,,pending verification
C065,apps/web/components/mint/MintClient.tsx,937,a,"<a href={mediaLink} target=""_blank"" rel=""noreferrer"" className=""ctaLink secondaryLink"">",not recorded,not recorded,not recorded,not recorded,not recorded,not recorded,not recorded,,,pending verification
C066,apps/web/components/mint/MintClient.tsx,3323,button,"<button type=""button"" className={pageMode === ""mint"" ? ""presetButton presetActive mintWorkspaceModeButton"" : ""presetButton mintWorkspaceModeButton""} onClick={() => setPageMode(""mint"")}>",not recorded,not recorded,not recorded,not recorded,not recorded,not recorded,not recorded,,,pending verification
C067,apps/web/components/mint/MintClient.tsx,3327,button,"<button type=""button"" className={pageMode === ""view"" ? ""presetButton presetActive mintWorkspaceModeButton"" : ""presetButton mintWorkspaceModeButton""} onClick={() => setPageMode(""view"")}>",not recorded,not recorded,not recorded,not recorded,not recorded,not recorded,not recorded,,,pending verification
C068,apps/web/components/mint/MintClient.tsx,3331,button,"<button type=""button"" className={pageMode === ""manage"" ? ""presetButton presetActive mintWorkspaceModeButton"" : ""presetButton mintWorkspaceModeButton""} onClick={() => setPageMode(""manage"")}>",not recorded,not recorded,not recorded,not recorded,not recorded,not recorded,not recorded,,,pending verification
C069,apps/web/components/mint/MintClient.tsx,3368,select,<select value={selectedWalletNetworkId} onChange={(e) => void onSelectWalletNetwork(Number(e.target.value))} disabled={!isConnected || isSwitchingChain} >,not recorded,not recorded,not recorded,not recorded,not recorded,not recorded,not recorded,,,pending verification
C070,apps/web/components/mint/MintClient.tsx,3397,select,<select value={standard} onChange={(e) => setStandard(e.target.value as Standard)}>,not recorded,not recorded,not recorded,not recorded,not recorded,not recorded,not recorded,,,pending verification
C071,apps/web/components/mint/MintClient.tsx,3409,select,<select value={mintMode} onChange={(e) => { setMintMode(e.target.value as MintMode); setShowDeployForm(false); }} >,not recorded,not recorded,not recorded,not recorded,not recorded,not recorded,not recorded,,,pending verification
C072,apps/web/components/mint/MintClient.tsx,3448,select,"<select value={collectionSelector} onChange={(e) => setCollectionSelector(e.target.value as ""saved"" | ""manual"")} >",not recorded,not recorded,not recorded,not recorded,not recorded,not recorded,not recorded,,,pending verification
C073,apps/web/components/mint/MintClient.tsx,3459,select,<select value={customCollectionAddress} onChange={(e) => setCustomCollectionAddress(e.target.value)} >,not recorded,not recorded,not recorded,not recorded,not recorded,not recorded,not recorded,,,pending verification
C074,apps/web/components/mint/MintClient.tsx,3473,input,<input value={customCollectionAddress} onChange={(e) => setCustomCollectionAddress(e.target.value)} />,not recorded,not recorded,not recorded,not recorded,not recorded,not recorded,not recorded,,,pending verification
C075,apps/web/components/mint/MintClient.tsx,3494,a,"<a href={toExplorerAddress(config.chainId, customCollectionAddress)!} target=""_blank"" rel=""noreferrer"">",not recorded,not recorded,not recorded,not recorded,not recorded,not recorded,not recorded,,,pending verification
C076,apps/web/components/mint/MintClient.tsx,3508,input,"<input value={custom1155TokenId} onChange={(e) => setCustom1155TokenId(e.target.value)} inputMode=""numeric"" />",not recorded,not recorded,not recorded,not recorded,not recorded,not recorded,not recorded,,,pending verification
C077,apps/web/components/mint/MintClient.tsx,3518,input,"<input type=""checkbox"" checked={lockMetadata} onChange={(e) => setLockMetadata(e.target.checked)} />",not recorded,not recorded,not recorded,not recorded,not recorded,not recorded,not recorded,,,pending verification
C078,apps/web/components/mint/MintClient.tsx,3534,summary,"<summary style={{ cursor: ""pointer"", fontWeight: 600, marginTop: ""0.5rem"" }}>",not recorded,not recorded,not recorded,not recorded,not recorded,not recorded,not recorded,,,pending verification
C079,apps/web/components/mint/MintClient.tsx,3544,input,<input value={deployName} onChange={(e) => setDeployName(e.target.value)} />,not recorded,not recorded,not recorded,not recorded,not recorded,not recorded,not recorded,,,pending verification
C080,apps/web/components/mint/MintClient.tsx,3548,input,<input value={deploySymbol} onChange={(e) => setDeploySymbol(e.target.value)} />,not recorded,not recorded,not recorded,not recorded,not recorded,not recorded,not recorded,,,pending verification
C081,apps/web/components/mint/MintClient.tsx,3552,input,<input value={deploySubname} onChange={(e) => setDeploySubname(e.target.value)} />,not recorded,not recorded,not recorded,not recorded,not recorded,not recorded,not recorded,,,pending verification
C082,apps/web/components/mint/MintClient.tsx,3562,input,"<input value={deployRoyaltyReceiver} onChange={(e) => setDeployRoyaltyReceiver(e.target.value)} placeholder=""0x... or name.eth"" />",not recorded,not recorded,not recorded,not recorded,not recorded,not recorded,not recorded,,,pending verification
C083,apps/web/components/mint/MintClient.tsx,3583,input,"<input value={deployRoyaltyBps} onChange={(e) => setDeployRoyaltyBps(e.target.value)} inputMode=""numeric"" />",not recorded,not recorded,not recorded,not recorded,not recorded,not recorded,not recorded,,,pending verification
C084,apps/web/components/mint/MintClient.tsx,3590,button,"<button type=""button"" onClick={onDeployCollection} disabled={!isConnected || wrongNetwork || deployTx.status === ""pending""} >",not recorded,not recorded,not recorded,not recorded,not recorded,not recorded,not recorded,,,pending verification
C085,apps/web/components/mint/MintClient.tsx,3616,input,<input value={name} onChange={(e) => setName(e.target.value)} />,not recorded,not recorded,not recorded,not recorded,not recorded,not recorded,not recorded,,,pending verification
C086,apps/web/components/mint/MintClient.tsx,3620,input,<input value={description} onChange={(e) => setDescription(e.target.value)} />,not recorded,not recorded,not recorded,not recorded,not recorded,not recorded,not recorded,,,pending verification
C087,apps/web/components/mint/MintClient.tsx,3625,input,"<input value={copies} onChange={(e) => setCopies(e.target.value)} inputMode=""numeric"" />",not recorded,not recorded,not recorded,not recorded,not recorded,not recorded,not recorded,,,pending verification
C088,apps/web/components/mint/MintClient.tsx,3633,input,"<input type=""file"" accept=""image/*"" onChange={(e) => setImageFile(e.target.files?.[0] ?? null)} />",not recorded,not recorded,not recorded,not recorded,not recorded,not recorded,not recorded,,,pending verification
C089,apps/web/components/mint/MintClient.tsx,3636,input,"<input type=""checkbox"" checked={includeAudio} onChange={(e) => setIncludeAudio(e.target.checked)} />",not recorded,not recorded,not recorded,not recorded,not recorded,not recorded,not recorded,,,pending verification
C090,apps/web/components/mint/MintClient.tsx,3646,input,"<input type=""file"" accept=""audio/*"" onChange={(e) => setAudioFile(e.target.files?.[0] ?? null)} />",not recorded,not recorded,not recorded,not recorded,not recorded,not recorded,not recorded,,,pending verification
C091,apps/web/components/mint/MintClient.tsx,3661,input,"<input type=""checkbox"" checked={includeExternalUrl} onChange={(e) => setIncludeExternalUrl(e.target.checked)} />",not recorded,not recorded,not recorded,not recorded,not recorded,not recorded,not recorded,,,pending verification
C092,apps/web/components/mint/MintClient.tsx,3671,input,<input value={externalUrl} onChange={(e) => setExternalUrl(e.target.value)} />,not recorded,not recorded,not recorded,not recorded,not recorded,not recorded,not recorded,,,pending verification
C093,apps/web/components/mint/MintClient.tsx,3675,input,"<input type=""checkbox"" checked={useCustomMetadataUri} onChange={(e) => setUseCustomMetadataUri(e.target.checked)} />",not recorded,not recorded,not recorded,not recorded,not recorded,not recorded,not recorded,,,pending verification
C094,apps/web/components/mint/MintClient.tsx,3685,input,<input value={metadataUri} onChange={(e) => setMetadataUri(e.target.value)} />,not recorded,not recorded,not recorded,not recorded,not recorded,not recorded,not recorded,,,pending verification
C095,apps/web/components/mint/MintClient.tsx,3755,button,"<button type=""submit"" disabled={!isConnected || wrongNetwork || mintTx.status === ""pending"" || uploadTx.status === ""pending""} >",not recorded,not recorded,not recorded,not recorded,not recorded,not recorded,not recorded,,,pending verification
C096,apps/web/components/mint/MintClient.tsx,3773,a,"<a href={toExplorerTx(getContractsConfig().chainId, mintTx.hash)!} target=""_blank"" rel=""noreferrer"">",not recorded,not recorded,not recorded,not recorded,not recorded,not recorded,not recorded,,,pending verification
C097,apps/web/components/mint/MintClient.tsx,3778,a,"<a href={uploadReceipt.metadataGatewayUrl} target=""_blank"" rel=""noreferrer"">",not recorded,not recorded,not recorded,not recorded,not recorded,not recorded,not recorded,,,pending verification
C098,apps/web/components/mint/MintClient.tsx,3785,a,"<a href={uploadReceipt.imageGatewayUrl} target=""_blank"" rel=""noreferrer"">",not recorded,not recorded,not recorded,not recorded,not recorded,not recorded,not recorded,,,pending verification
C099,apps/web/components/mint/MintClient.tsx,3790,a,"<a href={uploadReceipt.audioGatewayUrl} target=""_blank"" rel=""noreferrer"">",not recorded,not recorded,not recorded,not recorded,not recorded,not recorded,not recorded,,,pending verification
C100,apps/web/components/mint/MintClient.tsx,3834,select,"<select value={manageSelector} onChange={(e) => setManageSelector(e.target.value as ""saved"" | ""manual"")} >",not recorded,not recorded,not recorded,not recorded,not recorded,not recorded,not recorded,,,pending verification
C101,apps/web/components/mint/MintClient.tsx,3846,select,<select value={manageAddress} onChange={(e) => setManageAddress(e.target.value)} >,not recorded,not recorded,not recorded,not recorded,not recorded,not recorded,not recorded,,,pending verification
C102,apps/web/components/mint/MintClient.tsx,3861,input,<input value={manageAddress} onChange={(e) => setManageAddress(e.target.value)} />,not recorded,not recorded,not recorded,not recorded,not recorded,not recorded,not recorded,,,pending verification
C103,apps/web/components/mint/MintClient.tsx,3901,a,"<a href={toExplorerAddress(config.chainId, manageAddress)!} target=""_blank"" rel=""noreferrer"">",not recorded,not recorded,not recorded,not recorded,not recorded,not recorded,not recorded,,,pending verification
C104,apps/web/components/mint/MintClient.tsx,3945,button,"<button type=""button"" className=""secondaryButton"" disabled={!isAddress(manageAddress) || viewCollectionLoading} onClick={() => { if (!isAddress(manageAddress)) return; setViewCollectionLoading(true); setViewCollectionError(""""); void fetchCollectionTokens(manageAddress, { chainId: config.chainId, sync: true, syncScope: ""collection"", timeoutMs: 30_000, ownerAddress: manageCollectionOwner || account || undefined, royaltyReceiverAddress: manageRoyaltyReceiver || undefined, implementationAddress: manageImplementationAddress || undefined }) .then(async (result) => { if (result.count === 0 && publicClient && manageCollectionStandard) { result = await fetchCollectionTokensOnChain({ publicClient, cha",not recorded,not recorded,not recorded,not recorded,not recorded,not recorded,not recorded,,,pending verification
C105,apps/web/components/mint/MintClient.tsx,4061,select,"<select value={manageSelector} onChange={(e) => setManageSelector(e.target.value as ""saved"" | ""manual"")} >",not recorded,not recorded,not recorded,not recorded,not recorded,not recorded,not recorded,,,pending verification
C106,apps/web/components/mint/MintClient.tsx,4073,select,<select value={manageAddress} onChange={(e) => setManageAddress(e.target.value)} >,not recorded,not recorded,not recorded,not recorded,not recorded,not recorded,not recorded,,,pending verification
C107,apps/web/components/mint/MintClient.tsx,4088,input,<input value={manageAddress} onChange={(e) => setManageAddress(e.target.value)} />,not recorded,not recorded,not recorded,not recorded,not recorded,not recorded,not recorded,,,pending verification
C108,apps/web/components/mint/MintClient.tsx,4102,a,"<a href={toExplorerAddress(config.chainId, manageAddress)!} target=""_blank"" rel=""noreferrer"">",not recorded,not recorded,not recorded,not recorded,not recorded,not recorded,not recorded,,,pending verification
C109,apps/web/components/mint/MintClient.tsx,4126,a,"<a href={toExplorerAddress(config.chainId, manageAddress)!} target=""_blank"" rel=""noreferrer"">",not recorded,not recorded,not recorded,not recorded,not recorded,not recorded,not recorded,,,pending verification
C110,apps/web/components/mint/MintClient.tsx,4137,a,"<a href={toExplorerAddress(config.chainId, manageImplementationAddress)!} target=""_blank"" rel=""noreferrer"">",not recorded,not recorded,not recorded,not recorded,not recorded,not recorded,not recorded,,,pending verification
C111,apps/web/components/mint/MintClient.tsx,4148,button,"<button type=""button"" className=""secondaryButton"" disabled={!isAddress(manageAddress) || !manageCollectionStandard || collectionVerificationTx.status === ""pending""} onClick={() => { if (!isAddress(manageAddress) || !manageCollectionStandard) return; void runCollectionVerification(manageAddress, manageCollectionStandard); }} >",not recorded,not recorded,not recorded,not recorded,not recorded,not recorded,not recorded,,,pending verification
C112,apps/web/components/mint/MintClient.tsx,4159,button,"<button type=""button"" className=""secondaryButton"" disabled={!isAddress(manageAddress) || collectionVerificationTx.status === ""pending""} onClick={() => { if (!isAddress(manageAddress)) return; void checkCollectionVerificationStatus(manageAddress); }} >",not recorded,not recorded,not recorded,not recorded,not recorded,not recorded,not recorded,,,pending verification
C113,apps/web/components/mint/MintClient.tsx,4171,a,"<a href={collectionVerificationTx.explorerUrl} target=""_blank"" rel=""noreferrer"" className=""ctaLink secondaryLink"">",not recorded,not recorded,not recorded,not recorded,not recorded,not recorded,not recorded,,,pending verification
C114,apps/web/components/mint/MintClient.tsx,4209,select,<select value={identityMode} onChange={(e) => setIdentityMode(e.target.value as CollectionIdentityMode)}>,not recorded,not recorded,not recorded,not recorded,not recorded,not recorded,not recorded,,,pending verification
C115,apps/web/components/mint/MintClient.tsx,4223,input,<input value={registerSubnameLabel} onChange={(e) => setRegisterSubnameLabel(e.target.value)} />,not recorded,not recorded,not recorded,not recorded,not recorded,not recorded,not recorded,,,pending verification
C116,apps/web/components/mint/MintClient.tsx,4230,select,<select value={selectedCollectionSubnameParentOption} onChange={(e) => setCollectionSubnameParent(e.target.value)} disabled={collectionEnsParentCandidates.length === 0} >,not recorded,not recorded,not recorded,not recorded,not recorded,not recorded,not recorded,,,pending verification
C117,apps/web/components/mint/MintClient.tsx,4265,input,"<input value={registerSubnameLabel} onChange={(e) => setRegisterSubnameLabel(e.target.value)} list={identityMode === ""ens"" ? ""existing-ens-options"" : ""existing-ens-subname-options""} placeholder={identityMode === ""ens"" ? ""artist.eth"" : ""studio.example.eth""} />",not recorded,not recorded,not recorded,not recorded,not recorded,not recorded,not recorded,,,pending verification
C118,apps/web/components/mint/MintClient.tsx,4299,input,<input value={registerSubnameLabel} onChange={(e) => setRegisterSubnameLabel(e.target.value)} />,not recorded,not recorded,not recorded,not recorded,not recorded,not recorded,not recorded,,,pending verification
C119,apps/web/components/mint/MintClient.tsx,4321,button,"<button type=""button"" onClick={() => { void saveCollectionIdentity(); }} disabled={ !isConnected || !isAddress(manageAddress) || ((identityMode === ""nftfactory-subname"" || identityMode === ""register-eth"" || identityMode === ""register-eth-subname"") && wrongNetwork) || (identityMode === ""register-eth-subname"" && !String(collectionSubnameParent || """").trim()) || (identityMode === ""register-eth"" && Boolean(pendingCollectionEnsRegistration) && collectionRegistrationCountdown > 0) || subnameTx.status === ""pending"" } >",not recorded,not recorded,not recorded,not recorded,not recorded,not recorded,not recorded,,,pending verification
C120,apps/web/components/mint/MintClient.tsx,4363,input,"<input value={manageRoyaltyReceiver} onChange={(e) => setManageRoyaltyReceiver(e.target.value)} placeholder={account || ""0x...""} />",not recorded,not recorded,not recorded,not recorded,not recorded,not recorded,not recorded,,,pending verification
C121,apps/web/components/mint/MintClient.tsx,4371,input,"<input inputMode=""numeric"" value={manageRoyaltyBps} onChange={(e) => setManageRoyaltyBps(sanitizeRoyaltyBpsInput(e.target.value))} placeholder=""500"" />",not recorded,not recorded,not recorded,not recorded,not recorded,not recorded,not recorded,,,pending verification
C122,apps/web/components/mint/MintClient.tsx,4381,button,"<button type=""button"" onClick={onSaveDefaultRoyalty} disabled={!isConnected || wrongNetwork || !isAddress(manageAddress) || royaltyTx.status === ""pending""} >",not recorded,not recorded,not recorded,not recorded,not recorded,not recorded,not recorded,,,pending verification
C123,apps/web/components/mint/MintClient.tsx,4412,a,"<a href={toExplorerAddress(config.chainId, config.royaltySplitRegistry)!} target=""_blank"" rel=""noreferrer"">",not recorded,not recorded,not recorded,not recorded,not recorded,not recorded,not recorded,,,pending verification
C124,apps/web/components/mint/MintClient.tsx,4445,input,"<input value={split.account} onChange={(e) => updateRoyaltySplitRow(index, ""account"", e.target.value)} placeholder=""0x..."" />",not recorded,not recorded,not recorded,not recorded,not recorded,not recorded,not recorded,,,pending verification
C125,apps/web/components/mint/MintClient.tsx,4453,input,"<input inputMode=""numeric"" value={split.bps} onChange={(e) => updateRoyaltySplitRow(index, ""bps"", e.target.value)} placeholder=""5000"" />",not recorded,not recorded,not recorded,not recorded,not recorded,not recorded,not recorded,,,pending verification
C126,apps/web/components/mint/MintClient.tsx,4466,button,"<button type=""button"" className=""secondary"" onClick={() => removeRoyaltySplitRow(index)} disabled={royaltySplitTx.status === ""pending""} >",not recorded,not recorded,not recorded,not recorded,not recorded,not recorded,not recorded,,,pending verification
C127,apps/web/components/mint/MintClient.tsx,4486,button,"<button type=""button"" className=""secondary"" onClick={addRoyaltySplitRow} disabled={royaltySplitTx.status === ""pending""} >",not recorded,not recorded,not recorded,not recorded,not recorded,not recorded,not recorded,,,pending verification
C128,apps/web/components/mint/MintClient.tsx,4494,button,"<button type=""button"" className=""secondary"" onClick={clearRoyaltySplitRows} disabled={royaltySplitTx.status === ""pending"" || manageRoyaltySplits.length === 0} >",not recorded,not recorded,not recorded,not recorded,not recorded,not recorded,not recorded,,,pending verification
C129,apps/web/components/mint/MintClient.tsx,4502,button,"<button type=""button"" onClick={onSaveCollectionRoyaltySplits} disabled={!isConnected || wrongNetwork || !isAddress(manageAddress) || royaltySplitTx.status === ""pending""} >",not recorded,not recorded,not recorded,not recorded,not recorded,not recorded,not recorded,,,pending verification
C130,apps/web/components/mint/MintClient.tsx,4545,a,"<a href={ownerExplorerUrl} target=""_blank"" rel=""noreferrer"" className=""mono"">",not recorded,not recorded,not recorded,not recorded,not recorded,not recorded,not recorded,,,pending verification
C131,apps/web/components/mint/MintClient.tsx,4582,input,"<input value={transferTarget} onChange={(e) => setTransferTarget(e.target.value)} placeholder=""0x..."" />",not recorded,not recorded,not recorded,not recorded,not recorded,not recorded,not recorded,,,pending verification
C132,apps/web/components/mint/MintClient.tsx,4589,button,"<button type=""button"" onClick={onCancelPendingOwnershipTransfer} disabled={ !isConnected || wrongNetwork || !isAddress(manageAddress) || !connectedWalletOwnsCollection || transferTx.status === ""pending"" } >",not recorded,not recorded,not recorded,not recorded,not recorded,not recorded,not recorded,,,pending verification
C133,apps/web/components/mint/MintClient.tsx,4602,button,"<button type=""button"" onClick={onTransferOwnership} disabled={ !isConnected || wrongNetwork || !isAddress(manageAddress) || !connectedWalletOwnsCollection || !hasValidTransferTarget || transferTx.status === ""pending"" } >",not recorded,not recorded,not recorded,not recorded,not recorded,not recorded,not recorded,,,pending verification
C134,apps/web/components/mint/MintClient.tsx,4620,button,"<button type=""button"" onClick={onAcceptOwnership} disabled={ !isConnected || wrongNetwork || !isAddress(manageAddress) || !connectedWalletIsPendingOwner || transferTx.status === ""pending"" } >",not recorded,not recorded,not recorded,not recorded,not recorded,not recorded,not recorded,,,pending verification
C135,apps/web/components/mint/MintClient.tsx,4646,input,"<input value={transferTarget} onChange={(e) => setTransferTarget(e.target.value)} placeholder=""0x..."" />",not recorded,not recorded,not recorded,not recorded,not recorded,not recorded,not recorded,,,pending verification
C136,apps/web/components/mint/MintClient.tsx,4652,button,"<button type=""button"" onClick={onTransferOwnership} disabled={ !isConnected || wrongNetwork || !isAddress(manageAddress) || !connectedWalletOwnsCollection || !hasValidTransferTarget || transferTx.status === ""pending"" } >",not recorded,not recorded,not recorded,not recorded,not recorded,not recorded,not recorded,,,pending verification
C137,apps/web/components/mint/MintClient.tsx,4677,input,"<input value={transferTarget} onChange={(e) => setTransferTarget(e.target.value)} placeholder=""0x..."" />",not recorded,not recorded,not recorded,not recorded,not recorded,not recorded,not recorded,,,pending verification
C138,apps/web/components/mint/MintClient.tsx,4683,button,"<button type=""button"" onClick={onTransferOwnership} disabled={ !isConnected || wrongNetwork || !isAddress(manageAddress) || !connectedWalletOwnsCollection || !hasValidTransferTarget || transferTx.status === ""pending"" } >",not recorded,not recorded,not recorded,not recorded,not recorded,not recorded,not recorded,,,pending verification
C139,apps/web/components/mint/MintClient.tsx,4713,input,"<input type=""checkbox"" checked={finalizeConfirmed} onChange={(e) => setFinalizeConfirmed(e.target.checked)} />",not recorded,not recorded,not recorded,not recorded,not recorded,not recorded,not recorded,,,pending verification
C140,apps/web/components/mint/MintClient.tsx,4721,button,"<button type=""button"" onClick={onFinalizeUpgrades} disabled={ !isConnected || wrongNetwork || !isAddress(manageAddress) || !finalizeConfirmed || finalizeTx.status === ""pending"" } style={{ background: finalizeConfirmed ? ""#c00"" : undefined }} >",not recorded,not recorded,not recorded,not recorded,not recorded,not recorded,not recorded,,,pending verification
C141,apps/web/components/mint/MintClient.tsx,4826,a,"<a href={toExplorerTx(getContractsConfig().chainId, state.hash)!} target=""_blank"" rel=""noreferrer"">",not recorded,not recorded,not recorded,not recorded,not recorded,not recorded,not recorded,,,pending verification
C142,apps/web/components/profile/CreatorPageClient.tsx,12,summary,<summary>,not recorded,not recorded,not recorded,not recorded,not recorded,not recorded,not recorded,,,pending verification
C143,apps/web/components/profile/CreatorPageClient.tsx,12,Link,"<Link className=""ctaLink"" href=""/profile/setup"">",not recorded,not recorded,not recorded,not recorded,not recorded,not recorded,not recorded,,,pending verification
C144,apps/web/components/profile/CreatorPageClient.tsx,12,button,<button onClick={()=>setAttempt(v=>v+1)}>,not recorded,not recorded,not recorded,not recorded,not recorded,not recorded,not recorded,,,pending verification
C145,apps/web/components/profile/CreatorPageClient.tsx,12,Link,"<Link href=""/discover"">",not recorded,not recorded,not recorded,not recorded,not recorded,not recorded,not recorded,,,pending verification
C146,apps/web/components/profile/CreatorSetupClient.tsx,22,input,<input value={name} maxLength={80} onChange={e=>{setName(e.target.value);setSaved(false);}} />,not recorded,not recorded,not recorded,not recorded,not recorded,not recorded,not recorded,,,pending verification
C147,apps/web/components/profile/CreatorSetupClient.tsx,22,textarea,<textarea value={bio} maxLength={1200} onChange={e=>{setBio(e.target.value);setSaved(false);}} />,not recorded,not recorded,not recorded,not recorded,not recorded,not recorded,not recorded,,,pending verification
C148,apps/web/components/profile/CreatorSetupClient.tsx,22,button,<button disabled={!address || !name.trim() || busy} onClick={()=>void save()}>,not recorded,not recorded,not recorded,not recorded,not recorded,not recorded,not recorded,,,pending verification
C149,apps/web/components/profile/CreatorSetupClient.tsx,22,Link,"<Link className=""ctaLink"" href={`/profile/${address?.toLowerCase()}`}>",not recorded,not recorded,not recorded,not recorded,not recorded,not recorded,not recorded,,,pending verification
C150,apps/web/components/profile/CreatorSetupClient.tsx,22,summary,<summary>,not recorded,not recorded,not recorded,not recorded,not recorded,not recorded,not recorded,,,pending verification
C151,apps/web/components/profile/CreatorSetupClient.tsx,22,Link,"<Link href=""/profile/setup?advanced=1"">",not recorded,not recorded,not recorded,not recorded,not recorded,not recorded,not recorded,,,pending verification
C152,apps/web/components/profile/ListingManagementCard.tsx,115,a,"<a href={txLink} target=""_blank"" rel=""noreferrer"">",not recorded,not recorded,not recorded,not recorded,not recorded,not recorded,not recorded,,,pending verification
C153,apps/web/components/profile/ListingManagementCard.tsx,139,button,"<button type=""button"" className=""miniBtn"" onClick={() => onCopy(`${prefix}-nft-${itemKeySuffix}`, item.nft)}>",not recorded,not recorded,not recorded,not recorded,not recorded,not recorded,not recorded,,,pending verification
C154,apps/web/components/profile/ListingManagementCard.tsx,146,button,"<button type=""button"" className=""miniBtn"" onClick={() => onCopy(`seller-${itemKeySuffix}`, item.seller)}>",not recorded,not recorded,not recorded,not recorded,not recorded,not recorded,not recorded,,,pending verification
C155,apps/web/components/profile/ListingManagementCard.tsx,152,a,"<a href={metadataUrl} target=""_blank"" rel=""noreferrer"" className=""feedLinkPill"">",not recorded,not recorded,not recorded,not recorded,not recorded,not recorded,not recorded,,,pending verification
C156,apps/web/components/profile/ListingManagementCard.tsx,157,a,"<a href={mediaUrl} target=""_blank"" rel=""noreferrer"" className=""feedLinkPill"">",not recorded,not recorded,not recorded,not recorded,not recorded,not recorded,not recorded,,,pending verification
C157,apps/web/components/profile/ListingManagementCard.tsx,163,button,"<button type=""button"" className=""feedLinkPill"" onClick={() => onUpdate(item)} disabled={isCanceling || !isConnected} >",not recorded,not recorded,not recorded,not recorded,not recorded,not recorded,not recorded,,,pending verification
C158,apps/web/components/profile/ListingManagementCard.tsx,171,button,"<button type=""button"" onClick={() => onCancel(item)} disabled={isCanceling || !isConnected} >",not recorded,not recorded,not recorded,not recorded,not recorded,not recorded,not recorded,,,pending verification
C159,apps/web/components/profile/ListingManagementCard.tsx,180,button,"<button type=""button"" onClick={() => onBuy(item)} disabled={!canBuy || isBuying} >",not recorded,not recorded,not recorded,not recorded,not recorded,not recorded,not recorded,,,pending verification
C160,apps/web/components/profile/ListingManagementClient.tsx,361,a,"<a href={metadataUrl} target=""_blank"" rel=""noreferrer"" className=""ctaLink secondaryLink"" onClick={(e) => e.stopPropagation()}>",not recorded,not recorded,not recorded,not recorded,not recorded,not recorded,not recorded,,,pending verification
C161,apps/web/components/profile/ListingManagementClient.tsx,366,a,"<a href={mediaUrl} target=""_blank"" rel=""noreferrer"" className=""ctaLink secondaryLink"" onClick={(e) => e.stopPropagation()}>",not recorded,not recorded,not recorded,not recorded,not recorded,not recorded,not recorded,,,pending verification
C162,apps/web/components/profile/ListingManagementClient.tsx,1111,select,<select value={standard} onChange={(e) => setStandard(e.target.value as Standard)}>,not recorded,not recorded,not recorded,not recorded,not recorded,not recorded,not recorded,,,pending verification
C163,apps/web/components/profile/ListingManagementClient.tsx,1119,select,"<select value={selectedChainFilter === ""all"" ? ""all"" : String(selectedChainFilter)} onChange={(e) => setSelectedChainFilter(e.target.value === ""all"" ? ""all"" : Number.parseInt(e.target.value, 10)) } >",not recorded,not recorded,not recorded,not recorded,not recorded,not recorded,not recorded,,,pending verification
C164,apps/web/components/profile/ListingManagementClient.tsx,1149,select,<select value={selectedContractKey} onChange={(e) => setSelectedContractKey(e.target.value)}>,not recorded,not recorded,not recorded,not recorded,not recorded,not recorded,not recorded,,,pending verification
C165,apps/web/components/profile/ListingManagementClient.tsx,1159,select,<select value={inventorySort} onChange={(e) => setInventorySort(e.target.value as InventorySort)}>,not recorded,not recorded,not recorded,not recorded,not recorded,not recorded,not recorded,,,pending verification
C166,apps/web/components/profile/ListingManagementClient.tsx,1187,select,<select value={inventorySort} onChange={(e) => setInventorySort(e.target.value as InventorySort)}>,not recorded,not recorded,not recorded,not recorded,not recorded,not recorded,not recorded,,,pending verification
C167,apps/web/components/profile/ListingManagementClient.tsx,1218,input,"<input value={erc1155Amount} onChange={(e) => setErc1155Amount(e.target.value)} inputMode=""numeric"" min=""1"" max={selectedErc1155AvailableCap ? selectedErc1155AvailableCap.toString() : undefined} placeholder=""1"" />",not recorded,not recorded,not recorded,not recorded,not recorded,not recorded,not recorded,,,pending verification
C168,apps/web/components/profile/ListingManagementClient.tsx,1265,button,"<button type=""button"" className=""miniBtn"" onClick={clearListingUpdate}>",not recorded,not recorded,not recorded,not recorded,not recorded,not recorded,not recorded,,,pending verification
C169,apps/web/components/profile/ListingManagementClient.tsx,1274,select,"<select value={paymentTokenType} onChange={(e) => setPaymentTokenType(e.target.value as ""ETH"" | ""ERC20"")}>",not recorded,not recorded,not recorded,not recorded,not recorded,not recorded,not recorded,,,pending verification
C170,apps/web/components/profile/ListingManagementClient.tsx,1282,input,"<input value={erc20TokenAddress} onChange={(e) => setErc20TokenAddress(e.target.value)} placeholder=""0x..."" />",not recorded,not recorded,not recorded,not recorded,not recorded,not recorded,not recorded,,,pending verification
C171,apps/web/components/profile/ListingManagementClient.tsx,1287,input,"<input value={priceInput} onChange={(e) => setPriceInput(e.target.value)} placeholder={paymentTokenType === ""ETH"" ? ""0.01"" : ""1000000""} />",not recorded,not recorded,not recorded,not recorded,not recorded,not recorded,not recorded,,,pending verification
C172,apps/web/components/profile/ListingManagementClient.tsx,1295,input,"<input value={listingDays} onChange={(e) => setListingDays(e.target.value)} inputMode=""numeric"" placeholder=""7"" />",not recorded,not recorded,not recorded,not recorded,not recorded,not recorded,not recorded,,,pending verification
C173,apps/web/components/profile/ListingManagementClient.tsx,1306,button,"<button type=""submit"" disabled={state.status === ""pending"" || (!editingListing && selectedTokens.length === 0)} >",not recorded,not recorded,not recorded,not recorded,not recorded,not recorded,not recorded,,,pending verification
C174,apps/web/components/profile/ListingManagementTxStatus.tsx,18,a,"<a href={`${explorerBase}/tx/${state.hash}`} target=""_blank"" rel=""noreferrer"">",not recorded,not recorded,not recorded,not recorded,not recorded,not recorded,not recorded,,,pending verification
C175,apps/web/components/profile/ProfileClient.tsx,2189,iframe,"<iframe title={embed.title} src={embed.embedUrl} loading=""lazy"" allow={embed.kind === ""youtube"" ? ""accelerometer; autoplay; clipboard-write; encrypted-media; gyroscope; picture-in-picture"" : ""autoplay; clipboard-write; encrypted-media; fullscreen; picture-in-picture""} allowFullScreen={embed.kind === ""youtube""} referrerPolicy=""strict-origin-when-cross-origin"" />",not recorded,not recorded,not recorded,not recorded,not recorded,not recorded,not recorded,,,pending verification
C176,apps/web/components/profile/ProfileClient.tsx,2198,a,"<a href={embed.url} target=""_blank"" rel=""noreferrer"" className=""mono"">",not recorded,not recorded,not recorded,not recorded,not recorded,not recorded,not recorded,,,pending verification
C177,apps/web/components/profile/ProfileClient.tsx,2225,iframe,"<iframe title={block.title} src={block.embedView.embedUrl} loading=""lazy"" allow={block.embedView.kind === ""youtube"" ? ""accelerometer; autoplay; clipboard-write; encrypted-media; gyroscope; picture-in-picture"" : ""autoplay; clipboard-write; encrypted-media; fullscreen; picture-in-picture""} allowFullScreen={block.embedView.kind === ""youtube""} referrerPolicy=""strict-origin-when-cross-origin"" className=""profileMyspaceRetroEmbedFrame"" />",not recorded,not recorded,not recorded,not recorded,not recorded,not recorded,not recorded,,,pending verification
C178,apps/web/components/profile/ProfileClient.tsx,2235,a,"<a href={block.embedUrl} target=""_blank"" rel=""noreferrer"" className=""mono"">",not recorded,not recorded,not recorded,not recorded,not recorded,not recorded,not recorded,,,pending verification
C179,apps/web/components/profile/ProfileClient.tsx,2244,a,"<a href={link} target=""_blank"" rel=""noreferrer"" className=""mono"">",not recorded,not recorded,not recorded,not recorded,not recorded,not recorded,not recorded,,,pending verification
C180,apps/web/components/profile/ProfileClient.tsx,2309,input,"<input value={guestbookName} onChange={(e) => setGuestbookName(e.target.value)} placeholder=""space friend"" />",not recorded,not recorded,not recorded,not recorded,not recorded,not recorded,not recorded,,,pending verification
C181,apps/web/components/profile/ProfileClient.tsx,2313,textarea,"<textarea value={guestbookMessage} onChange={(e) => setGuestbookMessage(e.target.value)} placeholder=""leave a comment for this page"" />",not recorded,not recorded,not recorded,not recorded,not recorded,not recorded,not recorded,,,pending verification
C182,apps/web/components/profile/ProfileClient.tsx,2316,button,"<button type=""button"" onClick={() => void submitGuestbookEntry()} disabled={guestbookState.status === ""pending""}>",not recorded,not recorded,not recorded,not recorded,not recorded,not recorded,not recorded,,,pending verification
C183,apps/web/components/profile/ProfileClient.tsx,2334,button,"<button type=""button"" onClick={() => void hideGuestbookEntry(entry.id)} disabled={moderatingGuestbookEntryId === entry.id} >",not recorded,not recorded,not recorded,not recorded,not recorded,not recorded,not recorded,,,pending verification
C184,apps/web/components/profile/ProfileClient.tsx,2341,button,"<button type=""button"" onClick={() => void deleteGuestbookEntry(entry.id)} disabled={moderatingGuestbookEntryId === entry.id} >",not recorded,not recorded,not recorded,not recorded,not recorded,not recorded,not recorded,,,pending verification
C185,apps/web/components/profile/ProfileClient.tsx,2372,button,"<button type=""button"" onClick={() => void restoreGuestbookEntry(entry.id)} disabled={moderatingGuestbookEntryId === entry.id} >",not recorded,not recorded,not recorded,not recorded,not recorded,not recorded,not recorded,,,pending verification
C186,apps/web/components/profile/ProfileClient.tsx,2398,iframe,"<iframe key={customPreviewId} title={`${creatorDisplayName} custom profile module`} srcDoc={customProfilePreview} sandbox=""allow-popups"" className=""profileCustomModuleFrame"" />",not recorded,not recorded,not recorded,not recorded,not recorded,not recorded,not recorded,,,pending verification
C187,apps/web/components/profile/ProfileClient.tsx,2415,iframe,"<iframe title={embed.title} src={embed.embedUrl} loading=""lazy"" allow={embed.kind === ""youtube"" ? ""accelerometer; autoplay; clipboard-write; encrypted-media; gyroscope; picture-in-picture"" : ""autoplay; clipboard-write; encrypted-media; fullscreen; picture-in-picture""} allowFullScreen={embed.kind === ""youtube""} referrerPolicy=""strict-origin-when-cross-origin"" />",not recorded,not recorded,not recorded,not recorded,not recorded,not recorded,not recorded,,,pending verification
C188,apps/web/components/profile/ProfileClient.tsx,2424,a,"<a href={embed.url} target=""_blank"" rel=""noreferrer"" className=""mono"">",not recorded,not recorded,not recorded,not recorded,not recorded,not recorded,not recorded,,,pending verification
C189,apps/web/components/profile/ProfileClient.tsx,2438,iframe,"<iframe title={block.title} src={block.embedView.embedUrl} loading=""lazy"" allow={block.embedView.kind === ""youtube"" ? ""accelerometer; autoplay; clipboard-write; encrypted-media; gyroscope; picture-in-picture"" : ""autoplay; clipboard-write; encrypted-media; fullscreen; picture-in-picture""} allowFullScreen={block.embedView.kind === ""youtube""} referrerPolicy=""strict-origin-when-cross-origin"" className=""profileMyspaceRetroEmbedFrame"" />",not recorded,not recorded,not recorded,not recorded,not recorded,not recorded,not recorded,,,pending verification
C190,apps/web/components/profile/ProfileClient.tsx,2438,a,"<a href={block.embedUrl} target=""_blank"" rel=""noreferrer"" className=""mono"">",not recorded,not recorded,not recorded,not recorded,not recorded,not recorded,not recorded,,,pending verification
C191,apps/web/components/profile/ProfileClient.tsx,2439,a,"<a href={link} target=""_blank"" rel=""noreferrer"" className=""mono"">",not recorded,not recorded,not recorded,not recorded,not recorded,not recorded,not recorded,,,pending verification
C192,apps/web/components/profile/ProfileClient.tsx,2450,input,"<input value={guestbookName} onChange={(e) => setGuestbookName(e.target.value)} placeholder=""space friend"" />",not recorded,not recorded,not recorded,not recorded,not recorded,not recorded,not recorded,,,pending verification
C193,apps/web/components/profile/ProfileClient.tsx,2450,textarea,"<textarea value={guestbookMessage} onChange={(e) => setGuestbookMessage(e.target.value)} placeholder=""leave a comment for this page"" />",not recorded,not recorded,not recorded,not recorded,not recorded,not recorded,not recorded,,,pending verification
C194,apps/web/components/profile/ProfileClient.tsx,2450,button,"<button type=""button"" onClick={() => void submitGuestbookEntry()} disabled={guestbookState.status === ""pending""}>",not recorded,not recorded,not recorded,not recorded,not recorded,not recorded,not recorded,,,pending verification
C195,apps/web/components/profile/ProfileClient.tsx,2451,button,"<button type=""button"" onClick={() => void hideGuestbookEntry(entry.id)} disabled={moderatingGuestbookEntryId === entry.id}>",not recorded,not recorded,not recorded,not recorded,not recorded,not recorded,not recorded,,,pending verification
C196,apps/web/components/profile/ProfileClient.tsx,2451,button,"<button type=""button"" onClick={() => void deleteGuestbookEntry(entry.id)} disabled={moderatingGuestbookEntryId === entry.id}>",not recorded,not recorded,not recorded,not recorded,not recorded,not recorded,not recorded,,,pending verification
C197,apps/web/components/profile/ProfileClient.tsx,2452,button,"<button type=""button"" onClick={() => void restoreGuestbookEntry(entry.id)} disabled={moderatingGuestbookEntryId === entry.id}>",not recorded,not recorded,not recorded,not recorded,not recorded,not recorded,not recorded,,,pending verification
C198,apps/web/components/profile/ProfileClient.tsx,2454,iframe,"<iframe key={customPreviewId} title={`${creatorDisplayName} custom profile module`} srcDoc={customProfilePreview} sandbox=""allow-popups"" className=""profileCustomModuleFrame"" />",not recorded,not recorded,not recorded,not recorded,not recorded,not recorded,not recorded,,,pending verification
C199,apps/web/components/profile/ProfileClient.tsx,2479,Link,"<Link href=""/mint?view=view"" className=""ctaLink secondaryLink"">",not recorded,not recorded,not recorded,not recorded,not recorded,not recorded,not recorded,,,pending verification
C200,apps/web/components/profile/ProfileClient.tsx,2486,input,"<input value={sellerAddress} onChange={(e) => setSellerAddress(e.target.value.trim())} placeholder=""0xcreator..."" />",not recorded,not recorded,not recorded,not recorded,not recorded,not recorded,not recorded,,,pending verification
C201,apps/web/components/profile/ProfileClient.tsx,2494,input,"<input value={scanDepth} onChange={(e) => setScanDepth(e.target.value)} inputMode=""numeric"" placeholder=""250"" />",not recorded,not recorded,not recorded,not recorded,not recorded,not recorded,not recorded,,,pending verification
C202,apps/web/components/profile/ProfileClient.tsx,2498,select,"<select value={selectedChainFilter === ""all"" ? ""all"" : String(selectedChainFilter)} onChange={(e) => setSelectedChainFilter(e.target.value === ""all"" ? ""all"" : Number.parseInt(e.target.value, 10)) } >",not recorded,not recorded,not recorded,not recorded,not recorded,not recorded,not recorded,,,pending verification
C203,apps/web/components/profile/ProfileClient.tsx,2546,Link,"<Link href={`/profile/setup?label=${encodeURIComponent(name)}`} className=""ctaLink secondaryLink"">",not recorded,not recorded,not recorded,not recorded,not recorded,not recorded,not recorded,,,pending verification
C204,apps/web/components/profile/ProfileClient.tsx,2547,Link,"<Link href={`/mint?view=mint&collection=shared&profile=${encodeURIComponent(mintProfileParam)}`} className=""ctaLink secondaryLink"">",not recorded,not recorded,not recorded,not recorded,not recorded,not recorded,not recorded,,,pending verification
C205,apps/web/components/profile/ProfileClient.tsx,2548,Link,"<Link href=""/mint?view=view"" className=""ctaLink secondaryLink"">",not recorded,not recorded,not recorded,not recorded,not recorded,not recorded,not recorded,,,pending verification
C206,apps/web/components/profile/ProfileClient.tsx,2562,Link,"<Link href={`/profile/setup?label=${encodeURIComponent(name)}`} className=""ctaLink secondaryLink"">",not recorded,not recorded,not recorded,not recorded,not recorded,not recorded,not recorded,,,pending verification
C207,apps/web/components/profile/ProfileClient.tsx,2563,Link,"<Link href={`/mint?view=mint&collection=shared&profile=${encodeURIComponent(mintProfileParam)}`} className=""ctaLink secondaryLink"">",not recorded,not recorded,not recorded,not recorded,not recorded,not recorded,not recorded,,,pending verification
C208,apps/web/components/profile/ProfileClient.tsx,2586,Link,"<Link href={buildMintCollectionHref(""view"", mintProfileParam)} className=""ctaLink secondaryLink"">",not recorded,not recorded,not recorded,not recorded,not recorded,not recorded,not recorded,,,pending verification
C209,apps/web/components/profile/ProfileClient.tsx,2590,Link,"<Link href={buildMintCollectionHref(""manage"", mintProfileParam)} className=""ctaLink secondaryLink"">",not recorded,not recorded,not recorded,not recorded,not recorded,not recorded,not recorded,,,pending verification
C210,apps/web/components/profile/ProfileClient.tsx,2602,Link,"<Link href={`/mint?view=mint&collection=shared&profile=${encodeURIComponent(mintProfileParam)}`} className=""ctaLink secondaryLink"">",not recorded,not recorded,not recorded,not recorded,not recorded,not recorded,not recorded,,,pending verification
C211,apps/web/components/profile/ProfileClient.tsx,2605,Link,"<Link href={buildMintCollectionHref(""view"", mintProfileParam)} className=""ctaLink secondaryLink"">",not recorded,not recorded,not recorded,not recorded,not recorded,not recorded,not recorded,,,pending verification
C212,apps/web/components/profile/ProfileClient.tsx,2631,a,"<a href={contractExplorer} target=""_blank"" rel=""noreferrer"" className=""mono"">",not recorded,not recorded,not recorded,not recorded,not recorded,not recorded,not recorded,,,pending verification
C213,apps/web/components/profile/ProfileClient.tsx,2638,Link,"<Link href={buildMintCollectionHref(""view"", mintProfileParam, collection.contractAddress)} className=""ctaLink secondaryLink"" >",not recorded,not recorded,not recorded,not recorded,not recorded,not recorded,not recorded,,,pending verification
C214,apps/web/components/profile/ProfileClient.tsx,2645,Link,"<Link href={buildMintCollectionHref(""manage"", mintProfileParam, collection.contractAddress)} className=""ctaLink secondaryLink"" >",not recorded,not recorded,not recorded,not recorded,not recorded,not recorded,not recorded,,,pending verification
C215,apps/web/components/profile/ProfileClient.tsx,2694,button,"<button type=""button"" onClick={() => setScanDepth(""500"")}>",not recorded,not recorded,not recorded,not recorded,not recorded,not recorded,not recorded,,,pending verification
C216,apps/web/components/profile/ProfileClient.tsx,2753,button,"<button type=""button"" onClick={() => setOwnerRailOpen((current) => !current)}>",not recorded,not recorded,not recorded,not recorded,not recorded,not recorded,not recorded,,,pending verification
C217,apps/web/components/profile/ProfileClient.tsx,2786,a,"<a href={toExplorerAddress(wallet, config.chainId)!} target=""_blank"" rel=""noreferrer"" className=""mono"">",not recorded,not recorded,not recorded,not recorded,not recorded,not recorded,not recorded,,,pending verification
C218,apps/web/components/profile/ProfileClient.tsx,2804,Link,"<Link href={buildMintCollectionHref(""manage"", mintProfileParam)} className=""ctaLink secondaryLink"">",not recorded,not recorded,not recorded,not recorded,not recorded,not recorded,not recorded,,,pending verification
C219,apps/web/components/profile/ProfileClient.tsx,2813,Link,"<Link href={buildMintCollectionHref(""manage"", mintProfileParam)} className=""ctaLink secondaryLink"">",not recorded,not recorded,not recorded,not recorded,not recorded,not recorded,not recorded,,,pending verification
C220,apps/web/components/profile/ProfileClient.tsx,2843,a,"<a href={contractExplorer} target=""_blank"" rel=""noreferrer"" className=""mono"">",not recorded,not recorded,not recorded,not recorded,not recorded,not recorded,not recorded,,,pending verification
C221,apps/web/components/profile/ProfileClient.tsx,2852,Link,"<Link href={`/profile/${encodeURIComponent(attachedProfile.slug)}`} className=""mono"">",not recorded,not recorded,not recorded,not recorded,not recorded,not recorded,not recorded,,,pending verification
C222,apps/web/components/profile/ProfileClient.tsx,2862,Link,"<Link href={collection.fixHref} className=""ctaLink secondaryLink"">",not recorded,not recorded,not recorded,not recorded,not recorded,not recorded,not recorded,,,pending verification
C223,apps/web/components/profile/ProfileClient.tsx,2879,Link,"<Link href={`/profile/setup?label=${encodeURIComponent(name)}`} className=""ctaLink secondaryLink"">",not recorded,not recorded,not recorded,not recorded,not recorded,not recorded,not recorded,,,pending verification
C224,apps/web/components/profile/ProfileClient.tsx,2981,a,"<a href={publishedProfileGatewayUrl} target=""_blank"" rel=""noreferrer"" className=""mono"">",not recorded,not recorded,not recorded,not recorded,not recorded,not recorded,not recorded,,,pending verification
C225,apps/web/components/profile/ProfileClient.tsx,2989,button,"<button type=""button"" onClick={() => void publishProfileManifest()} disabled={publishState.status === ""pending""}>",not recorded,not recorded,not recorded,not recorded,not recorded,not recorded,not recorded,,,pending verification
C226,apps/web/components/profile/ProfileClient.tsx,3001,button,"<button type=""button"" onClick={() => { setEditStatusHeadline((current) => current.trim() || ""tuning this page like it's 2006""); setEditSidebarFactsText((current) => current.trim() || formatSidebarFactsInput(MYSPACE_STARTER_SIDEBAR_FACTS)); setEditTopFriendsText((current) => current.trim() || ""Tom\nBestie\nFavorite collector""); setEditRetroBlocksText((current) => current.trim() || formatRetroBlocksInput(MYSPACE_STARTER_RETRO_BLOCKS)); setEditCustomBoxesText((current) => current.trim() || formatCustomBoxesInput(MYSPACE_STARTER_CUSTOM_BOXES)); setEditModuleOrder([""social"", ""retro"", ""media"", ""boxes"", ""guestbook"", ""custom""]); setEditHeroModules([""social"", ""guestbook""]); setEditHeroCompactModules(",not recorded,not recorded,not recorded,not recorded,not recorded,not recorded,not recorded,,,pending verification
C227,apps/web/components/profile/ProfileClient.tsx,3020,button,"<button type=""button"" onClick={() => { setEditCustomHtml(""""); setEditCustomCss(""""); }} disabled={!hasCustomHtmlModule} >",not recorded,not recorded,not recorded,not recorded,not recorded,not recorded,not recorded,,,pending verification
C228,apps/web/components/profile/ProfileClient.tsx,3035,input,<input value={editDisplayName} onChange={(e) => setEditDisplayName(e.target.value)} />,not recorded,not recorded,not recorded,not recorded,not recorded,not recorded,not recorded,,,pending verification
C229,apps/web/components/profile/ProfileClient.tsx,3039,input,<input value={editTagline} onChange={(e) => setEditTagline(e.target.value)} />,not recorded,not recorded,not recorded,not recorded,not recorded,not recorded,not recorded,,,pending verification
C230,apps/web/components/profile/ProfileClient.tsx,3043,input,"<input value=""Unified creator page"" readOnly />",not recorded,not recorded,not recorded,not recorded,not recorded,not recorded,not recorded,,,pending verification
C231,apps/web/components/profile/ProfileClient.tsx,3047,input,<input value={editAccentColor} onChange={(e) => setEditAccentColor(e.target.value)} />,not recorded,not recorded,not recorded,not recorded,not recorded,not recorded,not recorded,,,pending verification
C232,apps/web/components/profile/ProfileClient.tsx,3051,input,<input value={editAvatarUrl} onChange={(e) => setEditAvatarUrl(e.target.value)} />,not recorded,not recorded,not recorded,not recorded,not recorded,not recorded,not recorded,,,pending verification
C233,apps/web/components/profile/ProfileClient.tsx,3055,input,<input value={editBannerUrl} onChange={(e) => setEditBannerUrl(e.target.value)} />,not recorded,not recorded,not recorded,not recorded,not recorded,not recorded,not recorded,,,pending verification
C234,apps/web/components/profile/ProfileClient.tsx,3059,input,<input value={editFeaturedUrl} onChange={(e) => setEditFeaturedUrl(e.target.value)} />,not recorded,not recorded,not recorded,not recorded,not recorded,not recorded,not recorded,,,pending verification
C235,apps/web/components/profile/ProfileClient.tsx,3063,textarea,<textarea value={editBio} onChange={(e) => setEditBio(e.target.value)} />,not recorded,not recorded,not recorded,not recorded,not recorded,not recorded,not recorded,,,pending verification
C236,apps/web/components/profile/ProfileClient.tsx,3067,textarea,<textarea value={editAboutMe} onChange={(e) => setEditAboutMe(e.target.value)} />,not recorded,not recorded,not recorded,not recorded,not recorded,not recorded,not recorded,,,pending verification
C237,apps/web/components/profile/ProfileClient.tsx,3071,textarea,<textarea value={editInterests} onChange={(e) => setEditInterests(e.target.value)} />,not recorded,not recorded,not recorded,not recorded,not recorded,not recorded,not recorded,,,pending verification
C238,apps/web/components/profile/ProfileClient.tsx,3075,textarea,<textarea value={editWhoIdLikeToMeet} onChange={(e) => setEditWhoIdLikeToMeet(e.target.value)} />,not recorded,not recorded,not recorded,not recorded,not recorded,not recorded,not recorded,,,pending verification
C239,apps/web/components/profile/ProfileClient.tsx,3079,input,"<input value={editStatusHeadline} onChange={(e) => setEditStatusHeadline(e.target.value)} placeholder=""currently obsessing over weird internet relics"" />",not recorded,not recorded,not recorded,not recorded,not recorded,not recorded,not recorded,,,pending verification
C240,apps/web/components/profile/ProfileClient.tsx,3087,button,"<button key={template.label} type=""button"" onClick={() => setEditSidebarFactsText((current) => appendSidebarFactTemplate(current, template.value))} >",not recorded,not recorded,not recorded,not recorded,not recorded,not recorded,not recorded,,,pending verification
C241,apps/web/components/profile/ProfileClient.tsx,3097,textarea,"<textarea value={editSidebarFactsText} onChange={(e) => setEditSidebarFactsText(e.target.value)} placeholder=""Mood: Chronically online Location: Terminal tab Occupation: Pixel archivist"" />",not recorded,not recorded,not recorded,not recorded,not recorded,not recorded,not recorded,,,pending verification
C242,apps/web/components/profile/ProfileClient.tsx,3103,textarea,"<textarea value={editCustomCss} onChange={(e) => setEditCustomCss(e.target.value)} placeholder="".profile-panel { transform: rotate(-1deg); }"" />",not recorded,not recorded,not recorded,not recorded,not recorded,not recorded,not recorded,,,pending verification
C243,apps/web/components/profile/ProfileClient.tsx,3107,textarea,"<textarea value={editCustomHtml} onChange={(e) => setEditCustomHtml(e.target.value)} placeholder=""<div><marquee>Welcome to my page</marquee></div>"" />",not recorded,not recorded,not recorded,not recorded,not recorded,not recorded,not recorded,,,pending verification
C244,apps/web/components/profile/ProfileClient.tsx,3112,textarea,"<textarea value={editTopFriendsText} onChange={(e) => setEditTopFriendsText(e.target.value)} placeholder=""Tom Bestie Favorite collector"" />",not recorded,not recorded,not recorded,not recorded,not recorded,not recorded,not recorded,,,pending verification
C245,apps/web/components/profile/ProfileClient.tsx,3118,textarea,"<textarea value={editTestimonialsText} onChange={(e) => setEditTestimonialsText(e.target.value)} placeholder=""legendary page coder instant follow"" />",not recorded,not recorded,not recorded,not recorded,not recorded,not recorded,not recorded,,,pending verification
C246,apps/web/components/profile/ProfileClient.tsx,3124,input,"<input value={editProfileSongUrl} onChange={(e) => setEditProfileSongUrl(e.target.value)} placeholder=""https://.../song.mp3"" />",not recorded,not recorded,not recorded,not recorded,not recorded,not recorded,not recorded,,,pending verification
C247,apps/web/components/profile/ProfileClient.tsx,3132,button,"<button key={template.label} type=""button"" onClick={() => setEditMediaEmbedsText((current) => appendMediaEmbedTemplate(current, template.value))} >",not recorded,not recorded,not recorded,not recorded,not recorded,not recorded,not recorded,,,pending verification
C248,apps/web/components/profile/ProfileClient.tsx,3142,textarea,"<textarea value={editMediaEmbedsText} onChange={(e) => setEditMediaEmbedsText(e.target.value)} placeholder=""Favorite Video | https://www.youtube.com/watch?v=dQw4w9WgXcQ Playlist | https://open.spotify.com/playlist/..."" />",not recorded,not recorded,not recorded,not recorded,not recorded,not recorded,not recorded,,,pending verification
C249,apps/web/components/profile/ProfileClient.tsx,3151,button,"<button key={template.label} type=""button"" onClick={() => setEditRetroBlocksText((current) => appendRetroBlockTemplate(current, template.block))} >",not recorded,not recorded,not recorded,not recorded,not recorded,not recorded,not recorded,,,pending verification
C250,apps/web/components/profile/ProfileClient.tsx,3161,textarea,"<textarea value={editRetroBlocksText} onChange={(e) => setEditRetroBlocksText(e.target.value)} placeholder={""Type: text\nTitle: Latest Bulletin\nReworking this profile to feel like 2006 again.\n\nType: marquee\nTitle: Scrolling Note\nwelcome 2 my page :: leave a comment :: glitter forever\n\nType: badges\nTitle: Blinkies\nonline now\nscene archive\nweb revivalist\n\nType: divider\nTitle: Glitter Break\n***************""} />",not recorded,not recorded,not recorded,not recorded,not recorded,not recorded,not recorded,,,pending verification
C251,apps/web/components/profile/ProfileClient.tsx,3169,textarea,"<textarea value={editStampsText} onChange={(e) => setEditStampsText(e.target.value)} placeholder=""online now scene kid collector core"" />",not recorded,not recorded,not recorded,not recorded,not recorded,not recorded,not recorded,,,pending verification
C252,apps/web/components/profile/ProfileClient.tsx,3211,button,"<button type=""button"" onClick={() => setEditModuleOrder((current) => moveMyspaceModuleOrder(current, moduleId, -1))} disabled={index === 0} >",not recorded,not recorded,not recorded,not recorded,not recorded,not recorded,not recorded,,,pending verification
C253,apps/web/components/profile/ProfileClient.tsx,3218,button,"<button type=""button"" onClick={() => setEditModuleOrder((current) => moveMyspaceModuleOrder(current, moduleId, 1))} disabled={index === editModuleOrder.length - 1} >",not recorded,not recorded,not recorded,not recorded,not recorded,not recorded,not recorded,,,pending verification
C254,apps/web/components/profile/ProfileClient.tsx,3236,input,"<input type=""checkbox"" checked={editHeroModules.includes(moduleId)} onChange={() => setEditHeroModules((current) => toggleMyspaceHeroModule(current, moduleId))} />",not recorded,not recorded,not recorded,not recorded,not recorded,not recorded,not recorded,,,pending verification
C255,apps/web/components/profile/ProfileClient.tsx,3255,select,"<select value={featured && editHeroCompactModules.includes(moduleId) ? ""compact"" : featured ? ""default"" : ""off""} onChange={(event) => { const nextValue = event.target.value; if (nextValue === ""off"") return; setEditHeroCompactModules((current) => nextValue === ""compact"" ? normalizeMyspaceHeroCompactModules([...current.filter((item) => item !== moduleId), moduleId]) : current.filter((item) => item !== moduleId)); }} disabled={!featured} >",not recorded,not recorded,not recorded,not recorded,not recorded,not recorded,not recorded,,,pending verification
C256,apps/web/components/profile/ProfileClient.tsx,3280,input,"<input type=""checkbox"" checked={editSidebarModules.includes(moduleId)} onChange={() => setEditSidebarModules((current) => toggleMyspaceSidebarModule(current, moduleId))} />",not recorded,not recorded,not recorded,not recorded,not recorded,not recorded,not recorded,,,pending verification
C257,apps/web/components/profile/ProfileClient.tsx,3299,select,"<select value={pinned && editSidebarCompactModules.includes(moduleId) ? ""compact"" : pinned ? ""default"" : ""off""} onChange={(event) => { const nextValue = event.target.value; if (nextValue === ""off"") return; setEditSidebarCompactModules((current) => nextValue === ""compact"" ? normalizeMyspaceSidebarCompactModules([...current.filter((item) => item !== moduleId), moduleId]) : current.filter((item) => item !== moduleId)); }} disabled={!pinned} >",not recorded,not recorded,not recorded,not recorded,not recorded,not recorded,not recorded,,,pending verification
C258,apps/web/components/profile/ProfileClient.tsx,3327,select,"<select value={inSidebar ? ""sidebar"" : width} onChange={(event) => { const nextWidth = event.target.value as MyspaceMainColumnWidth | ""sidebar""; if (nextWidth === ""sidebar"") return; const next = setMyspaceMainColumnWidth(moduleId, nextWidth, editMainColumnSplitModules, editMainColumnCompactModules); setEditMainColumnSplitModules(next.splitModules); setEditMainColumnCompactModules(next.compactModules); }} disabled={inSidebar} >",not recorded,not recorded,not recorded,not recorded,not recorded,not recorded,not recorded,,,pending verification
C259,apps/web/components/profile/ProfileClient.tsx,3355,button,"<button key={template.label} type=""button"" onClick={() => setEditCustomBoxesText((current) => appendCustomBoxTemplate(current, template.value))} >",not recorded,not recorded,not recorded,not recorded,not recorded,not recorded,not recorded,,,pending verification
C260,apps/web/components/profile/ProfileClient.tsx,3365,textarea,"<textarea value={editCustomBoxesText} onChange={(e) => setEditCustomBoxesText(e.target.value)} placeholder={""Title: Favorite Movies\nHackers, Ghost World, Blade Runner\n\nTitle: Latest Obsession\nCollecting weird internet relics.""} />",not recorded,not recorded,not recorded,not recorded,not recorded,not recorded,not recorded,,,pending verification
C261,apps/web/components/profile/ProfileClient.tsx,3373,textarea,<textarea value={editLinksText} onChange={(e) => setEditLinksText(e.target.value)} />,not recorded,not recorded,not recorded,not recorded,not recorded,not recorded,not recorded,,,pending verification
C262,apps/web/components/profile/ProfileClient.tsx,3380,button,"<button type=""button"" onClick={() => void saveProfileDetails()} disabled={editState.status === ""pending""}>",not recorded,not recorded,not recorded,not recorded,not recorded,not recorded,not recorded,,,pending verification
C263,apps/web/components/profile/ProfileClient.tsx,3395,input,<input value={transferAddress} onChange={(e) => setTransferAddress(e.target.value)} />,not recorded,not recorded,not recorded,not recorded,not recorded,not recorded,not recorded,,,pending verification
C264,apps/web/components/profile/ProfileClient.tsx,3399,button,"<button type=""button"" onClick={() => void submitProfileTransfer()} disabled={transferState.status === ""pending""}>",not recorded,not recorded,not recorded,not recorded,not recorded,not recorded,not recorded,,,pending verification
C265,apps/web/components/profile/ProfileClient.tsx,3414,Link,"<Link href={`/profile/setup?label=${encodeURIComponent(name)}`} className=""ctaLink secondaryLink"">",not recorded,not recorded,not recorded,not recorded,not recorded,not recorded,not recorded,,,pending verification
C266,apps/web/components/profile/ProfileHeroSections.tsx,120,Link,"<Link href={`/mint?view=mint&collection=shared&profile=${encodeURIComponent(mintProfileParam)}`} className=""ctaLink secondaryLink"">",not recorded,not recorded,not recorded,not recorded,not recorded,not recorded,not recorded,,,pending verification
C267,apps/web/components/profile/ProfileHeroSections.tsx,123,Link,"<Link href={`/mint?view=view&profile=${encodeURIComponent(mintProfileParam)}`} className=""ctaLink secondaryLink"">",not recorded,not recorded,not recorded,not recorded,not recorded,not recorded,not recorded,,,pending verification
C268,apps/web/components/profile/ProfileHeroSections.tsx,127,Link,"<Link href={`${canonicalRoute}#listing-management`} className=""ctaLink secondaryLink"">",not recorded,not recorded,not recorded,not recorded,not recorded,not recorded,not recorded,,,pending verification
C269,apps/web/components/profile/ProfileHeroSections.tsx,176,a,"<a href={primaryProfile.featuredUrl} target=""_blank"" rel=""noreferrer"" className=""ctaLink secondaryLink"">",not recorded,not recorded,not recorded,not recorded,not recorded,not recorded,not recorded,,,pending verification
C270,apps/web/components/profile/ProfileHeroSections.tsx,182,a,"<a href={primaryProfile.featuredUrl} target=""_blank"" rel=""noreferrer"" className=""ctaLink secondaryLink"">",not recorded,not recorded,not recorded,not recorded,not recorded,not recorded,not recorded,,,pending verification
C271,apps/web/components/profile/ProfileHeroSections.tsx,230,Link,"<Link href={`/mint?view=mint&collection=shared&profile=${encodeURIComponent(mintProfileParam)}`} className=""ctaLink secondaryLink"">",not recorded,not recorded,not recorded,not recorded,not recorded,not recorded,not recorded,,,pending verification
C272,apps/web/components/profile/ProfileHeroSections.tsx,233,Link,"<Link href={`${canonicalRoute}#listing-management`} className=""ctaLink secondaryLink"">",not recorded,not recorded,not recorded,not recorded,not recorded,not recorded,not recorded,,,pending verification
C273,apps/web/components/profile/ProfileHeroSections.tsx,265,a,"<a key={link} href={link} target=""_blank"" rel=""noreferrer"" className=""profileLinkRow"">",not recorded,not recorded,not recorded,not recorded,not recorded,not recorded,not recorded,,,pending verification
C274,apps/web/components/profile/ProfileHeroSections.tsx,290,a,"<a href={toExplorerAddress(pinnedCollection.contractAddress, pinnedCollection.chainId || configChainId)!} target=""_blank"" rel=""noreferrer"" className=""mono"" >",not recorded,not recorded,not recorded,not recorded,not recorded,not recorded,not recorded,,,pending verification
C275,apps/web/components/profile/ProfileHoldingsSection.tsx,63,Link,"<Link href={`/mint?view=view&profile=${encodeURIComponent(mintProfileParam)}`} className=""ctaLink secondaryLink"" >",not recorded,not recorded,not recorded,not recorded,not recorded,not recorded,not recorded,,,pending verification
C276,apps/web/components/profile/ProfileHoldingsSection.tsx,69,Link,"<Link href={`/mint?view=mint&collection=shared&profile=${encodeURIComponent(mintProfileParam)}`} className=""ctaLink secondaryLink"" >",not recorded,not recorded,not recorded,not recorded,not recorded,not recorded,not recorded,,,pending verification
C277,apps/web/components/profile/ProfileHoldingsSection.tsx,147,a,"<a href={contractExplorer} target=""_blank"" rel=""noreferrer"" className=""mono"">",not recorded,not recorded,not recorded,not recorded,not recorded,not recorded,not recorded,,,pending verification
C278,apps/web/components/profile/ProfileHoldingsSection.tsx,169,Link,"<Link href={`/mint?view=view&profile=${encodeURIComponent(mintProfileParam)}`} className=""ctaLink secondaryLink"" >",not recorded,not recorded,not recorded,not recorded,not recorded,not recorded,not recorded,,,pending verification
C279,apps/web/components/profile/ProfileHoldingsSection.tsx,175,Link,"<Link href={`/mint?view=manage&profile=${encodeURIComponent(mintProfileParam)}`} className=""ctaLink secondaryLink"" >",not recorded,not recorded,not recorded,not recorded,not recorded,not recorded,not recorded,,,pending verification
C280,apps/web/components/profile/ProfileLandingClient.tsx,1537,Link,<Link href={`/profile/${encodeURIComponent(profiles[0].slug)}`}>,not recorded,not recorded,not recorded,not recorded,not recorded,not recorded,not recorded,,,pending verification
C281,apps/web/components/profile/ProfileLandingClient.tsx,1543,select,"<select value={identityMode} onChange={(e) => setIdentityMode( e.target.value as | ""register-eth"" | ""register-eth-subname"" | ""ens"" | ""external-subname"" | ""nftfactory-subname"" ) } >",not recorded,not recorded,not recorded,not recorded,not recorded,not recorded,not recorded,,,pending verification
C282,apps/web/components/profile/ProfileLandingClient.tsx,1574,input,<input value={identityName} onChange={(e) => setIdentityName(e.target.value)} />,not recorded,not recorded,not recorded,not recorded,not recorded,not recorded,not recorded,,,pending verification
C283,apps/web/components/profile/ProfileLandingClient.tsx,1578,select,<select value={selectedSubnameParentOption} onChange={(e) => setSubnameParent(e.target.value)} disabled={ensParentCandidates.length === 0} >,not recorded,not recorded,not recorded,not recorded,not recorded,not recorded,not recorded,,,pending verification
C284,apps/web/components/profile/ProfileLandingClient.tsx,1606,select,"<select value={identityName} onChange={(e) => setIdentityName(e.target.value)} disabled={(identityMode === ""ens"" ? existingEnsOptions : existingSubnameOptions).length === 0} >",not recorded,not recorded,not recorded,not recorded,not recorded,not recorded,not recorded,,,pending verification
C285,apps/web/components/profile/ProfileLandingClient.tsx,1621,input,<input value={identityName} onChange={(e) => setIdentityName(e.target.value)} />,not recorded,not recorded,not recorded,not recorded,not recorded,not recorded,not recorded,,,pending verification
C286,apps/web/components/profile/ProfileLandingClient.tsx,1635,button,"<button type=""button"" className={checkedIdentityReady ? ""profileActionReady"" : undefined} onClick={() => void ( checkedIdentityReady ? runIdentityAction() : checkIdentityAvailability() ) } disabled={primaryActionDisabled} >",not recorded,not recorded,not recorded,not recorded,not recorded,not recorded,not recorded,,,pending verification
C287,apps/web/components/profile/ProfileLandingClient.tsx,1655,select,<select value={registrationYears} onChange={(e) => setRegistrationYears(e.target.value)}>,not recorded,not recorded,not recorded,not recorded,not recorded,not recorded,not recorded,,,pending verification
C288,apps/web/components/profile/ProfileLandingClient.tsx,1674,select,<select value={selectedCollection} onChange={(e) => setSelectedCollection(e.target.value)}>,not recorded,not recorded,not recorded,not recorded,not recorded,not recorded,not recorded,,,pending verification
C289,apps/web/components/profile/ProfileLandingClient.tsx,1687,button,"<button type=""button"" onClick={() => void completeEthRegistration()} disabled={!isConnected || setupState.status === ""pending"" || wrongNetwork || registrationCountdown > 0} >",not recorded,not recorded,not recorded,not recorded,not recorded,not recorded,not recorded,,,pending verification
C290,apps/web/components/profile/ProfileLandingClient.tsx,1698,button,"<button type=""button"" className=""secondary"" onClick={clearPendingEthRegistration}>",not recorded,not recorded,not recorded,not recorded,not recorded,not recorded,not recorded,,,pending verification
C291,apps/web/components/profile/ProfileLandingClient.tsx,1727,a,"<a href={`${explorerBase}/tx/${setupState.hash}`} target=""_blank"" rel=""noreferrer"">",not recorded,not recorded,not recorded,not recorded,not recorded,not recorded,not recorded,,,pending verification
C292,apps/web/components/profile/ProfileLandingClient.tsx,1737,Link,"<Link href={`/profile/${encodeURIComponent(postLinkProfile.slug)}`} className=""ctaLink"">",not recorded,not recorded,not recorded,not recorded,not recorded,not recorded,not recorded,,,pending verification
C293,apps/web/components/profile/ProfileLandingClient.tsx,1741,Link,"<Link href={`/mint?view=mint&collection=shared&profile=${encodeURIComponent(postLinkProfile.fullName)}`} className=""ctaLink"" >",not recorded,not recorded,not recorded,not recorded,not recorded,not recorded,not recorded,,,pending verification
C294,apps/web/components/profile/ProfileModerationClient.tsx,179,input,"<input value={profileName} onChange={(event) => setProfileName(event.target.value)} placeholder=""demo"" />",not recorded,not recorded,not recorded,not recorded,not recorded,not recorded,not recorded,,,pending verification
C295,apps/web/components/profile/ProfileModerationClient.tsx,183,input,"<input value={actorAddress} onChange={(event) => setActorAddress(event.target.value)} placeholder=""0x..."" />",not recorded,not recorded,not recorded,not recorded,not recorded,not recorded,not recorded,,,pending verification
C296,apps/web/components/profile/ProfileModerationClient.tsx,187,button,"<button type=""button"" onClick={() => void loadEntries()} disabled={loadState.status === ""pending""}>",not recorded,not recorded,not recorded,not recorded,not recorded,not recorded,not recorded,,,pending verification
C297,apps/web/components/profile/ProfileModerationClient.tsx,191,Link,"<Link href={""/profile/"" + encodeURIComponent(normalizedProfileName)} className=""ctaLink secondaryLink"">",not recorded,not recorded,not recorded,not recorded,not recorded,not recorded,not recorded,,,pending verification
C298,apps/web/components/profile/ProfileModerationClient.tsx,225,button,"<button type=""button"" disabled={isBusy} onClick={() => void hideEntry(entry.id)}>",not recorded,not recorded,not recorded,not recorded,not recorded,not recorded,not recorded,,,pending verification
C299,apps/web/components/profile/ProfileModerationClient.tsx,230,button,"<button type=""button"" disabled={isBusy} onClick={() => void restoreEntry(entry.id)}>",not recorded,not recorded,not recorded,not recorded,not recorded,not recorded,not recorded,,,pending verification
C300,apps/web/components/profile/ProfileModerationClient.tsx,235,button,"<button type=""button"" disabled={isBusy} onClick={() => void deleteEntry(entry.id)}>",not recorded,not recorded,not recorded,not recorded,not recorded,not recorded,not recorded,,,pending verification
C301,apps/web/components/profile/ProfileOffersSection.tsx,140,a,"<a href={contractExplorer} target=""_blank"" rel=""noreferrer"" className=""mono"">",not recorded,not recorded,not recorded,not recorded,not recorded,not recorded,not recorded,,,pending verification
C302,apps/web/components/profile/ProfileOffersSection.tsx,147,button,"<button type=""button"" onClick={() => void acceptOffer(offer)} disabled={actingOfferId === offer.id || !canAccept} >",not recorded,not recorded,not recorded,not recorded,not recorded,not recorded,not recorded,,,pending verification
C303,apps/web/components/profile/ProfileOffersSection.tsx,222,a,"<a href={contractExplorer} target=""_blank"" rel=""noreferrer"" className=""mono"">",not recorded,not recorded,not recorded,not recorded,not recorded,not recorded,not recorded,,,pending verification
C304,apps/web/components/profile/ProfileOffersSection.tsx,229,button,"<button type=""button"" onClick={() => void cancelOffer(offer)} disabled={actingOfferId === offer.id || !canCancel} >",not recorded,not recorded,not recorded,not recorded,not recorded,not recorded,not recorded,,,pending verification
C305,apps/web/components/profile/ProfileSelectorClient.tsx,298,Link,"<Link href=""/profile/setup"" className=""ctaLink"">",not recorded,not recorded,not recorded,not recorded,not recorded,not recorded,not recorded,,,pending verification
C306,apps/web/components/profile/ProfileSelectorClient.tsx,301,Link,"<Link href=""/discover"" className=""ctaLink secondaryLink"">",not recorded,not recorded,not recorded,not recorded,not recorded,not recorded,not recorded,,,pending verification
C307,apps/web/components/profile/ProfileSelectorClient.tsx,304,Link,"<Link href=""/mint?view=manage"" className=""ctaLink secondaryLink"">",not recorded,not recorded,not recorded,not recorded,not recorded,not recorded,not recorded,,,pending verification
C308,apps/web/components/profile/ProfileSelectorClient.tsx,335,Link,"<Link href={`/profile/${encodeURIComponent(profile.slug)}`} className=""ctaLink"">",not recorded,not recorded,not recorded,not recorded,not recorded,not recorded,not recorded,,,pending verification
C309,apps/web/components/profile/ProfileSelectorClient.tsx,339,Link,"<Link href={`/mint?view=manage&address=${encodeURIComponent(profile.collectionAddress)}`} className=""ctaLink secondaryLink"" >",not recorded,not recorded,not recorded,not recorded,not recorded,not recorded,not recorded,,,pending verification
C310,apps/web/components/profile/ProfileSelectorClient.tsx,357,Link,"<Link href=""/profile/setup"" className=""ctaLink"">",not recorded,not recorded,not recorded,not recorded,not recorded,not recorded,not recorded,,,pending verification
C311,apps/web/components/profile/ProfileSelectorClient.tsx,366,Link,"<Link href={item.href} className=""ctaLink"">",not recorded,not recorded,not recorded,not recorded,not recorded,not recorded,not recorded,,,pending verification
C312,apps/web/components/profile/ProfileSelectorClient.tsx,384,Link,"<Link href={item.href} className=""ctaLink secondaryLink"">",not recorded,not recorded,not recorded,not recorded,not recorded,not recorded,not recorded,,,pending verification
C313,apps/web/components/wiki/WikiMarkdown.tsx,52,Link,"<Link key={`link-${key++}`} href={href} className=""wikiInlineLink"">",not recorded,not recorded,not recorded,not recorded,not recorded,not recorded,not recorded,,,pending verification
C314,apps/web/components/wiki/WikiMarkdown.tsx,58,a,"<a key={`link-${key++}`} href={href} target=""_blank"" rel=""noreferrer"" className=""wikiInlineLink"">",not recorded,not recorded,not recorded,not recorded,not recorded,not recorded,not recorded,,,pending verification
C315,apps/web/components/wiki/WikiMarkdown.tsx,167,a,"<a href={`#${headingId}`} className=""wikiHeadingAnchor"">",not recorded,not recorded,not recorded,not recorded,not recorded,not recorded,not recorded,,,pending verification
C316,apps/web/components/wiki/WikiSidebar.tsx,41,input,"<input className=""wikiSearchInput"" type=""search"" value={query} onChange={(event) => setQuery(event.target.value)} placeholder=""Search creator guides"" />",not recorded,not recorded,not recorded,not recorded,not recorded,not recorded,not recorded,,,pending verification
C317,apps/web/components/wiki/WikiSidebar.tsx,54,Link,"<Link key={page.slug} href={href} className={`wikiNavLink${isActive ? "" active"" : """"}`}>",not recorded,not recorded,not recorded,not recorded,not recorded,not recorded,not recorded,,,pending verification
C318,apps/web/components/wiki/WikiTableOfContents.tsx,78,a,"<a key={heading.id} href={`#${heading.id}`} className={`wikiTocLink wikiTocLevel${Math.min(heading.level, 4)}${activeId === heading.id ? "" active"" : """"}`} >",not recorded,not recorded,not recorded,not recorded,not recorded,not recorded,not recorded,,,pending verification
